1,Patricia Lebsack,False,delectus aut autem
1,Patricia Lebsack,False,quis ut nam facilis et officia qui
1,Patricia Lebsack,False,fugiat veniam minus
1,Patricia Lebsack,True,et porro tempora
1,Patricia Lebsack,False,laboriosam mollitia et enim quasi adipisci quia provident illum
1,Patricia Lebsack,False,qui ullam ratione quibusdam voluptatem quia omnis
1,Patricia Lebsack,False,illo expedita consequatur quia in
1,Patricia Lebsack,True,quo adipisci enim quam ut ab
1,Patricia Lebsack,False,molestiae perspiciatis ipsa
1,Patricia Lebsack,True,illo est ratione doloremque quia maiores aut
1,Patricia Lebsack,True,vero rerum temporibus dolor
1,Patricia Lebsack,True,ipsa repellendus fugit nisi
1,Patricia Lebsack,False,et doloremque nulla
1,Patricia Lebsack,True,repellendus sunt dolores architecto voluptatum
1,Patricia Lebsack,True,ab voluptatum amet voluptas
1,Patricia Lebsack,True,accusamus eos facilis sint et aut voluptatem
1,Patricia Lebsack,True,quo laboriosam deleniti aut qui
1,Patricia Lebsack,False,dolorum est consequatur ea mollitia in culpa
1,Patricia Lebsack,True,molestiae ipsa aut voluptatibus pariatur dolor nihil
1,Patricia Lebsack,True,ullam nobis libero sapiente ad optio sint
